-9.33329,38.69968
-9.31033,38.68553
-9.30429,38.76581
-9.30041,38.76630
-9.29628,38.72696
-9.29282,38.75833
-9.28728,38.75152
-9.26406,38.70860
-9.26302,38.70601
-9.26227,38.74749
-9.25839,38.71341
-9.25548,38.74875
-9.25055,38.71863
-9.23184,38.71669
-9.22864,38.64855
-9.21493,38.71125
-9.20929,38.74750
-9.20929,38.75340
-9.20921,38.74753
-9.20789,38.75541
-9.20724,38.69482
-9.20664,38.75843
-9.20571,38.74347
-9.20541,38.74352
-9.20504,38.74257
-9.20485,38.74270
-9.20476,38.74257
-9.20257,38.69527
-9.19979,38.86665
-9.19386,38.74541
-9.19028,38.72542
-9.18975,38.69699
-9.18931,38.74902
-9.18470,38.75102
-9.18406,38.66252
-9.18369,38.66289
-9.18251,38.74333
-9.18010,38.78349
-9.17822,38.74152
-9.17583,38.72296
-9.17555,38.74982
-9.17554,38.71669
-9.17540,38.71650
-9.17362,38.72434
-9.17284,38.72677
-9.16890,38.79008
-9.16503,38.76777
-9.16462,38.76935
-9.16447,38.73249
-9.16402,38.73362
-9.16378,38.64453
-9.16123,38.74435
-9.16121,38.74402
-9.15802,38.77788
-9.15495,38.72491
-9.14940,38.75121
-9.14775,38.74517
-9.14520,38.77371
-9.14415,38.77505
-9.14314,38.74184
-9.14156,38.76311
-9.14010,38.76299
-9.13100,38.74830
-9.13062,38.75256
-9.12991,38.74187
-9.12983,38.80026
-9.12367,38.77831
-9.12284,38.77782
-9.12180,38.74808
-9.12036,38.74827
-9.11871,38.61402
-9.11870,38.79546
-9.11764,38.76022
-9.11602,38.75967
-9.11480,38.77825
-9.11288,38.77729
-9.10930,38.79875
-9.10466,38.77081
-9.10457,38.77060
-9.10430,38.49649
-9.10430,38.49649
-9.10421,38.73426
-9.10398,38.73424
-9.10143,38.81542
-9.09992,38.54873
-9.09992,38.54873
-9.08654,38.84839
-9.07377,38.84086
-9.06380,38.77756
-8.99113,38.72770
-8.94624,38.71682
-8.94322,38.71572
-8.94253,38.94121
-8.94240,38.94130
-8.93757,42.60632
-8.92578,39.11335
-8.92312,38.67946
-8.91495,38.64518
-8.91482,38.64135
-8.91137,38.61319
-8.90193,42.65146
-8.89111,38.92467
-8.89101,38.92454
-8.88360,42.04674
-8.88129,38.88164
-8.88078,38.79327
-8.87447,41.90563
-8.87115,41.90128
-8.84241,42.67529
-8.82686,38.70725
-8.82686,38.70725
-8.82133,40.21062
-8.80289,42.43619
-8.78700,42.58586
-8.78540,38.56162
-8.77929,40.26633
-8.77929,40.26633
-8.77492,42.20951
-8.77346,39.21823
-8.77172,38.69427
-8.77172,38.69427
-8.77014,39.76964
-8.76874,40.28526
-8.76874,40.28526
-8.76594,42.60360
-8.76475,42.58906
-8.76381,42.21391
-8.76043,41.41285
-8.75764,42.22310
-8.75658,42.21770
-8.74419,42.68413
-8.74388,42.21548
-8.74150,42.57088
-8.73798,42.83492
-8.73756,39.25382
-8.72948,42.23792
-8.72467,42.24070
-8.72338,42.23895
-8.72106,42.19189
-8.71910,42.24072
-8.71846,42.19255
-8.71833,42.19684
-8.71560,42.72794
-8.71411,42.23967
-8.71287,42.50857
-8.70032,42.07394
-8.70032,42.07394
-8.69840,41.30929
-8.69586,42.24697
-8.69435,38.86457
-8.69169,43.21141
-8.68838,42.37308
-8.68796,43.13842
-8.68693,42.06143
-8.68693,42.06143
-8.68577,42.25148
-8.68460,42.21746
-8.67423,38.57812
-8.67423,38.57812
-8.66836,41.18930
-8.66488,42.27328
-8.66417,42.24063
-8.66250,42.21148
-8.66105,42.24034
-8.65654,42.19889
-8.65504,42.21620
-8.65141,38.73416
-8.65141,38.73416
-8.65138,43.23279
-8.65138,43.23279
-8.65079,42.42298
-8.65076,42.72393
-8.64939,42.78845
-8.64886,38.73161
-8.64886,38.73161
-8.64268,42.51248
-8.64258,41.06902
-8.64247,43.23832
-8.64247,43.23832
-8.64200,41.06804
-8.63740,42.18700
-8.63710,38.53639
-8.63710,38.53639
-8.63596,41.07872
-8.63585,42.66844
-8.63520,42.39386
-8.63520,42.39386
-8.63490,41.17147
-8.63475,41.07934
-8.63475,41.07938
-8.63475,41.07938
-8.63367,42.18349
-8.63333,42.36656
-8.63333,42.36656
-8.62955,41.17244
-8.62646,41.22819
-8.62581,42.15785
-8.62454,41.02742
-8.62423,41.11982
-8.62348,41.08318
-8.62171,41.17362
-8.61763,40.99661
-8.61741,40.99627
-8.61632,41.08552
-8.61340,42.80660
-8.61067,40.97717
-8.60931,38.51014
-8.60632,41.51990
-8.59647,42.24486
-8.59619,41.17193
-8.59387,41.18527
-8.59036,41.19539
-8.58288,41.15480
-8.58210,41.16001
-8.58139,41.15278
-8.58134,41.07878
-8.57979,41.07450
-8.57975,41.14769
-8.57903,41.09201
-8.57097,37.15922
-8.57011,41.15762
-8.57010,41.15787
-8.55972,42.86383
-8.55861,42.86373
-8.55179,42.87205
-8.55121,42.77567
-8.54976,42.86962
-8.54646,42.86797
-8.54584,42.87070
-8.54549,42.87118
-8.54344,42.87206
-8.54192,42.86278
-8.53919,37.15125
-8.53854,41.29943
-8.53592,42.88929
-8.53349,42.89174
-8.53174,42.17882
-8.53115,41.30522
-8.52644,43.27878
-8.52372,40.93103
-8.51503,40.44168
-8.50651,41.19715
-8.49904,43.28959
-8.49515,42.91740
-8.49212,42.91917
-8.49048,40.39741
-8.48702,40.19413
-8.48308,42.92619
-8.48199,40.85557
-8.48199,40.85557
-8.47613,40.13169
-8.47071,41.31230
-8.46926,40.84162
-8.46926,40.84162
-8.46561,37.13799
-8.46506,40.62821
-8.46488,41.49359
-8.46424,41.47335
-8.45539,40.16915
-8.45326,38.97574
-8.45320,43.33475
-8.43940,40.22130
-8.43720,43.35348
-8.43581,39.49064
-8.43412,43.35048
-8.42848,43.35531
-8.42713,43.34672
-8.42178,43.33262
-8.41426,43.32458
-8.40895,43.36712
-8.40838,43.35173
-8.40798,43.36238
-8.40605,43.35563
-8.40545,43.36243
-8.40537,43.36496
-8.40318,42.90824
-8.40100,43.36802
-8.39732,43.36995
-8.39523,43.32993
-8.39523,43.33004
-8.39340,41.25818
-8.39096,43.34997
-8.39063,43.36737
-8.39008,43.35129
-8.38635,40.65984
-8.38415,42.16665
-8.37915,40.30923
-8.37835,43.33272
-8.37603,41.40890
-8.37312,41.26100
-8.37168,41.41016
-8.34497,40.66925
-8.34126,43.32331
-8.33254,41.42880
-8.32999,43.30820
-8.30509,41.45119
-8.30506,41.45117
-8.30397,43.28618
-8.29773,37.50129
-8.29773,37.50129
-8.29028,42.98866
-8.28363,37.51428
-8.28363,37.51428
-8.28140,40.68031
-8.27708,37.12884
-8.26705,37.54300
-8.26705,37.54300
-8.26166,37.56659
-8.26166,37.56659
-8.24459,40.68809
-8.23924,43.48962
-8.23879,37.21175
-8.22280,41.45684
-8.20978,37.12179
-8.20430,37.88904
-8.20430,37.88904
-8.19524,41.22761
-8.18403,37.88120
-8.18403,37.88120
-8.18306,43.16741
-8.18153,43.09113
-8.17424,43.39323
-8.17312,43.47572
-8.17149,43.24340
-8.17054,40.68111
-8.16251,41.20372
-8.15735,43.48234
-8.15701,43.49300
-8.14274,42.30270
-8.13683,40.69324
-8.10780,42.30826
-8.10474,42.42540
-8.10407,38.62632
-8.08662,43.52497
-8.03437,43.49942
-8.02766,42.47079
-8.00284,39.77258
-7.96899,43.19233
-7.96528,37.03251
-7.95000,37.03836
-7.92816,43.63999
-7.89648,42.28746
-7.88642,40.51585
-7.87804,42.33929
-7.87797,42.33958
-7.87740,42.34893
-7.87638,42.35172
-7.87507,42.28733
-7.86750,40.65119
-7.86690,42.34984
-7.86241,42.32604
-7.86180,42.31643
-7.86171,42.33170
-7.86057,40.64798
-7.85806,42.28469
-7.85462,42.36854
-7.85204,42.34255
-7.85084,42.38691
-7.84994,42.39574
-7.84597,40.63426
-7.82861,43.18506
-7.79816,38.51992
-7.79816,38.51992
-7.77983,38.50789
-7.77983,38.50789
-7.77588,41.10530
-7.77219,41.14029
-7.75638,43.43078
-7.74405,42.44169
-7.72966,38.02275
-7.72045,42.08777
-7.71354,43.17475
-7.69921,43.28114
-7.69780,43.29524
-7.69640,42.49236
-7.66978,43.25528
-7.65392,40.61411
-7.65127,43.72965
-7.60987,42.30031
-7.60987,42.30031
-7.59039,42.29431
-7.59018,42.29418
-7.59018,42.29418
-7.58298,43.01659
-7.56248,43.01230
-7.56044,43.00970
-7.56043,43.02635
-7.55610,43.01387
-7.54597,42.99763
-7.51538,41.96072
-7.47688,38.81413
-7.46218,42.68646
-7.45697,41.91997
-7.45511,43.36144
-7.40926,43.37632
-7.40739,43.37759
-7.35405,43.38154
-7.34925,43.38325
-7.34043,40.39871
-7.30397,42.90827
-7.15105,42.86270
-7.10270,42.05527
-7.09580,38.68177
-7.05682,37.30396
-7.05216,42.74369
-7.04208,43.54288
-7.04076,43.54282
-7.03434,42.41164
-7.02716,43.54292
-7.02708,43.54309
-7.01810,37.20564
-7.01334,42.71963
-6.99792,39.19681
-6.99792,39.19681
-6.99452,38.87827
-6.99392,38.88314
-6.99299,39.18490
-6.99299,39.18490
-6.99027,37.26889
-6.98907,42.68747
-6.98506,37.27174
-6.98131,38.87388
-6.98057,38.87264
-6.97897,38.87101
-6.97505,37.18625
-6.97260,38.86925
-6.97175,37.18228
-6.96872,38.88482
-6.96827,38.88480
-6.96555,38.87094
-6.96026,38.87282
-6.95676,42.03929
-6.94332,37.28404
-6.90542,37.94662
-6.90542,37.94662
-6.89282,37.30816
-6.87860,37.23422
-6.85726,37.93478
-6.85726,37.93478
-6.84054,39.42962
-6.82672,42.03310
-6.80256,37.50832
-6.78672,38.34710
-6.74820,38.86023
-6.74656,43.53530
-6.72181,38.65497
-6.71875,37.79782
-6.71145,42.57538
-6.69224,37.61870
-6.67422,37.62366
-6.65846,37.66036
-6.65657,37.67643
-6.65638,37.67638
-6.61701,38.84758
-6.61469,38.90409
-6.60722,38.90426
-6.57525,37.35245
-6.54907,39.99950
-6.54887,37.04469
-6.53364,43.54208
-6.53228,42.57639
-6.52555,37.35996
-6.47875,39.90790
-6.44705,39.45725
-6.43451,39.38870
-6.41191,38.42637
-6.40661,36.69387
-6.39555,38.67900
-6.37906,39.47463
-6.37858,39.46800
-6.37780,39.46698
-6.37672,39.47906
-6.37316,38.80857
-6.36893,38.62701
-6.36805,39.79785
-6.35790,42.02100
-6.35552,38.90615
-6.34552,38.91435
-6.33802,38.38245
-6.33537,38.91299
-6.33160,38.39499
-6.33160,38.39499
-6.27431,36.52122
-6.27431,36.52122
-6.26722,38.94792
-6.25223,36.46284
-6.24884,36.46044
-6.24842,36.50550
-6.23279,37.31947
-6.22950,36.52066
-6.22946,36.52071
-6.22833,37.65788
-6.21521,42.57970
-6.20544,36.46932
-6.20533,36.46991
-6.20331,36.38555
-6.20291,36.56697
-6.20251,36.55659
-6.19666,36.63449
-6.18083,36.39052
-6.17889,42.55147
-6.17808,36.64519
-6.17775,37.62855
-6.17613,36.46777
-6.17489,38.34512
-6.17489,38.34512
-6.17055,36.46749
-6.17048,36.38776
-6.16721,36.38020
-6.15991,36.41565
-6.15931,36.39487
-6.15834,36.41173
-6.15582,36.36655
-6.15207,36.52855
-6.14596,36.42062
-6.14584,36.40315
-6.14205,36.41915
-6.13954,36.43038
-6.13793,36.41526
-6.13699,37.33549
-6.13538,36.44345
-6.13527,37.33733
-6.13383,36.42052
-6.13354,37.33906
-6.12970,36.41787
-6.12493,36.42223
-6.12021,36.43408
-6.11103,43.47227
-6.08225,37.52580
-6.07770,42.44666
-6.06652,36.83339
-6.06594,36.70625
-6.05947,37.29146
-6.03586,37.36317
-6.03445,37.38525
-6.03394,37.38766
-6.03358,37.38900
-6.03320,38.25644
-6.03256,37.36306
-6.03053,36.71996
-6.02795,37.32929
-6.01247,37.39610
-6.01036,37.40437
-5.99675,37.35200
-5.99562,37.35090
-5.99302,37.40720
-5.99084,37.34704
-5.98678,37.34355
-5.98597,37.34300
-5.98544,41.53668
-5.98544,41.53668
-5.98435,37.41329
-5.97421,43.55979
-5.97054,37.39358
-5.96924,37.41688
-5.96616,37.37196
-5.96327,37.37463
-5.96249,43.37285
-5.94960,37.41146
-5.94805,37.40425
-5.94757,37.42284
-5.94720,37.40291
-5.94712,37.42225
-5.94289,43.55417
-5.93843,37.34827
-5.93604,37.40447
-5.93526,37.40489
-5.93237,37.38601
-5.93227,37.38620
-5.92911,37.34204
-5.92908,43.54425
-5.92737,37.47491
-5.91380,41.54218
-5.91380,41.54218
-5.91252,40.12728
-5.91034,38.96061
-5.90656,42.30696
-5.90460,37.42443
-5.90218,42.30380
-5.90146,42.29466
-5.89982,37.12848
-5.89921,40.99782
-5.89921,40.99782
-5.89317,42.30113
-5.88959,42.29492
-5.88827,37.43215
-5.88256,37.37188
-5.88244,37.37154
-5.87897,38.95909
-5.87569,42.86313
-5.87557,42.84605
-5.87528,43.36447
-5.87413,37.43254
-5.87199,43.32267
-5.87108,43.36811
-5.87095,43.36830
-5.86732,37.09836
-5.85616,43.36496
-5.85530,43.35597
-5.85306,43.36709
-5.85050,43.35584
-5.84879,40.02524
-5.84526,42.02294
-5.84355,43.35455
-5.84252,43.36597
-5.84124,43.36632
-5.83239,37.34799
-5.83163,42.97820
-5.82910,43.37062
-5.82885,43.52873
-5.82833,43.35554
-5.82532,43.52590
-5.81912,43.09961
-5.81412,43.40992
-5.80948,43.40481
-5.80707,43.40105
-5.80666,43.40363
-5.80627,43.40005
-5.80578,43.40473
-5.80576,43.41150
-5.80484,43.39229
-5.80390,43.40092
-5.80236,43.40771
-5.80167,43.39991
-5.79888,37.20158
-5.79798,41.63374
-5.79626,38.98772
-5.79310,36.47016
-5.79032,43.47777
-5.79017,36.46813
-5.78957,43.48544
-5.78816,38.96866
-5.78578,43.19713
-5.78459,43.19711
-5.77830,37.18276
-5.77782,43.25448
-5.77459,37.62896
-5.77158,43.18996
-5.77115,43.18958
-5.76730,39.02958
-5.76486,40.96596
-5.76486,40.96596
-5.75209,36.81285
-5.75044,43.39044
-5.73323,42.54155
-5.73323,42.54155
-5.73249,37.60588
-5.73153,37.58981
-5.72983,43.51536
-5.71954,43.51819
-5.71407,42.55352
-5.71407,42.55352
-5.70872,36.10715
-5.70865,40.94973
-5.70274,43.52553
-5.70242,38.26042
-5.69708,42.07345
-5.69259,43.53917
-5.69095,40.95492
-5.69074,43.53723
-5.69029,43.29996
-5.69029,43.29996
-5.68983,40.96193
-5.68983,40.96193
-5.68929,40.95181
-5.68624,43.52901
-5.68613,40.95497
-5.68580,40.96862
-5.68466,43.53740
-5.68455,43.41496
-5.68316,40.96712
-5.68287,40.96534
-5.68287,40.96534
-5.68236,43.52291
-5.68189,40.97424
-5.68162,40.95156
-5.68008,43.29722
-5.67912,43.53910
-5.67896,40.96804
-5.67832,40.95498
-5.67658,40.96254
-5.67528,43.52775
-5.67492,43.50897
-5.67488,43.51785
-5.67452,40.97316
-5.67352,42.58132
-5.67189,43.51127
-5.67002,40.95200
-5.66776,43.39305
-5.66339,37.27387
-5.66330,43.52213
-5.66310,40.94938
-5.66081,42.00594
-5.66066,40.94189
-5.66009,40.97169
-5.65964,40.95986
-5.65934,40.95228
-5.65764,40.96598
-5.65717,42.57401
-5.65583,43.52437
-5.64948,42.57709
-5.64929,40.96857
-5.64888,40.97652
-5.64489,40.96538
-5.64411,36.05138
-5.64411,36.05138
-5.64358,43.53648
-5.64237,40.95484
-5.64176,40.95333
-5.64158,40.97100
-5.64150,40.94242
-5.63939,40.94449
-5.63850,43.54213
-5.63577,40.97099
-5.63551,43.28950
-5.63551,43.28950
-5.63436,43.53100
-5.63363,36.04485
-5.63363,36.04485
-5.62934,40.75614
-5.62832,37.22442
-5.62278,42.58815
-5.62160,42.54815
-5.62102,40.68291
-5.62080,42.54780
-5.61943,43.52267
-5.61528,40.94974
-5.61467,41.00184
-5.61197,41.00293
-5.61094,42.70935
-5.61094,42.70935
-5.60814,42.58754
-5.59726,42.59838
-5.59423,36.02380
-5.59373,42.66201
-5.59373,42.66201
-5.59219,42.60654
-5.59092,43.50375
-5.58581,42.43346
-5.58482,42.58506
-5.58344,42.61162
-5.58022,42.59598
-5.57964,42.59866
-5.57700,43.51037
-5.57292,36.22965
-5.57174,42.59842
-5.57132,39.87210
-5.57100,36.22687
-5.56830,42.59303
-5.56688,42.60647
-5.56457,42.59143
-5.56302,42.60625
-5.56098,39.91689
-5.56075,36.04253
-5.55867,42.59595
-5.55422,43.41600
-5.55026,37.25275
-5.54972,37.25681
-5.53880,43.43260
-5.53312,43.49499
-5.52893,42.71671
-5.52451,37.48416
-5.52407,39.88710
-5.52354,43.36735
-5.51055,43.46294
-5.50740,41.91283
-5.50718,37.23022
-5.48983,36.18079
-5.48945,36.17891
-5.46324,40.93205
-5.45347,36.14055
-5.45072,36.15604
-5.44948,36.13871
-5.44592,36.13566
-5.44575,36.13575
-5.44561,36.13229
-5.44383,43.48732
-5.44357,43.48714
-5.44214,36.12597
-5.44132,36.11546
-5.44124,36.14022
-5.44123,36.13671
-5.44097,36.14464
-5.43055,43.48799
-5.43055,43.48799
-5.42211,37.32860
-5.41669,41.16443
-5.41183,36.20637
-5.40982,41.98753
-5.40600,37.31900
-5.40405,41.98788
-5.40307,37.50960
-5.39299,36.20726
-5.38438,36.20500
-5.38281,36.19905
-5.38140,36.20870
-5.38119,36.20868
-5.38096,36.20978
-5.28151,36.40986
-5.28151,36.40986
-5.27487,36.38268
-5.27487,36.38268
-5.24550,38.29710
-5.12786,36.70263
-5.11904,36.67564
-5.09753,37.80637
-5.09282,37.22923
-5.08220,39.91969
-5.06904,36.59236
-5.06904,36.59236
-5.06766,36.58136
-5.06766,36.58136
-5.05559,43.45993
-5.04982,36.87413
-5.04530,39.16996
-5.03862,37.00507
-5.03228,38.18408
-5.02210,41.49706
-5.02198,42.32520
-5.01317,41.85333
-5.01317,41.85333
-5.01097,41.83817
-5.01097,41.83817
-4.97748,38.25786
-4.96397,41.41088
-4.96104,36.49995
-4.94711,36.50132
-4.93744,36.49990
-4.92694,42.23993
-4.90388,39.96098
-4.89769,36.51319
-4.86746,36.50898
-4.86252,36.56071
-4.85272,37.58060
-4.84784,42.21492
-4.84784,42.21492
-4.82438,37.76085
-4.82143,37.77638
-4.82124,37.77059
-4.81770,38.05812
-4.81618,37.88155
-4.81547,37.88171
-4.80854,41.60579
-4.79756,42.67148
-4.79738,37.81609
-4.79498,41.62642
-4.79085,41.61993
-4.78737,41.61678
-4.78728,37.90726
-4.78528,37.91443
-4.78346,41.61906
-4.78202,41.62295
-4.78118,41.62615
-4.78027,41.56888
-4.78027,41.56888
-4.77727,41.62121
-4.77104,41.62330
-4.77062,42.62224
-4.76640,37.95827
-4.76625,37.92703
-4.76578,43.42312
-4.76538,41.63392
-4.75944,41.58583
-4.75944,41.58583
-4.75371,41.62353
-4.75350,41.61636
-4.75085,41.63837
-4.75044,41.64618
-4.74825,41.61874
-4.74648,41.63754
-4.74524,41.62204
-4.74365,41.68161
-4.74296,40.64092
-4.74055,36.77433
-4.73950,41.65020
-4.73925,41.66035
-4.73839,41.63900
-4.73640,41.67024
-4.73447,41.64454
-4.73250,41.64283
-4.73161,41.65775
-4.73116,36.76505
-4.73116,36.76505
-4.73037,41.65350
-4.72914,37.66806
-4.72785,41.66829
-4.72688,41.62780
-4.72676,41.64432
-4.72617,41.61565
-4.72551,41.65899
-4.72299,36.68804
-4.72299,36.68804
-4.72269,41.59463
-4.72187,36.75439
-4.72187,36.75439
-4.72017,36.65904
-4.71859,41.63612
-4.71844,41.64937
-4.71206,41.64183
-4.71123,41.66583
-4.70263,41.64374
-4.70236,41.63714
-4.70094,36.71207
-4.70094,36.71207
-4.69773,41.71659
-4.69398,42.44382
-4.69398,42.44382
-4.68801,36.49843
-4.68790,36.49836
-4.67832,41.47984
-4.67812,42.14768
-4.67812,42.14768
-4.67604,40.49540
-4.67604,40.49540
-4.67324,42.14098
-4.67324,42.14098
-4.66918,36.54662
-4.66528,42.01996
-4.65412,40.52656
-4.65412,40.52656
-4.64568,42.11754
-4.64568,42.11754
-4.63883,42.34995
-4.63743,36.50859
-4.63735,36.50850
-4.63040,40.30180
-4.62635,36.54732
-4.62466,42.35236
-4.62466,42.35236
-4.61309,36.55700
-4.61120,36.55579
-4.60702,42.23772
-4.60702,42.23772
-4.60426,42.32402
-4.60426,42.32402
-4.60099,40.94897
-4.59802,42.25254
-4.59802,42.25254
-4.59628,37.68948
-4.59456,40.98032
-4.59092,40.29382
-4.58565,40.94236
-4.57789,36.73360
-4.57558,40.29557
-4.56934,36.70072
-4.56113,36.69467
-4.55992,42.03964
-4.55992,42.03964
-4.55697,36.66073
-4.55671,41.85163
-4.55110,36.67319
-4.54719,36.66142
-4.54490,37.43347
-4.54379,41.35760
-4.53632,42.00841
-4.53298,41.35043
-4.53135,41.98154
-4.53050,42.01231
-4.52989,36.66147
-4.52936,41.99392
-4.52886,36.71331
-4.52719,42.00159
-4.52385,41.99848
-4.52298,40.84268
-4.52196,41.59363
-4.52174,41.99576
-4.52130,41.36577
-4.52046,40.84094
-4.52028,37.68212
-4.51980,42.01154
-4.51936,42.00838
-4.51764,42.00112
-4.50310,41.99238
-4.49616,37.04022
-4.48874,36.72844
-4.48819,40.40838
-4.47150,36.73220
-4.46995,40.02361
-4.46735,40.38959
-4.46735,40.38959
-4.45660,36.72087
-4.45638,36.70345
-4.45464,36.72428
-4.45424,36.72915
-4.44559,36.82035
-4.44476,40.37454
-4.44476,40.37454
-4.44316,36.73032
-4.44174,36.69206
-4.43987,36.71653
-4.43957,36.86057
-4.43928,36.93906
-4.42685,37.45684
-4.42583,40.02172
-4.42568,36.77529
-4.42370,41.98814
-4.42337,36.88313
-4.41526,40.58668
-4.41059,40.78095
-4.40918,40.77935
-4.40511,40.12964
-4.40511,40.12964
-4.40250,40.15193
-4.40250,40.15193
-4.39674,36.72251
-4.38741,40.50678
-4.38741,40.50678
-4.38613,36.72142
-4.37946,36.72144
-4.37500,36.72234
-4.37473,36.72150
-4.37173,36.81192
-4.37019,36.72244
-4.36796,36.73054
-4.36727,40.46020
-4.36726,40.46023
-4.36647,40.51563
-4.36647,40.51563
-4.36481,36.71981
-4.34853,40.46019
-4.34851,40.46020
-4.33411,40.75895
-4.32966,40.75688
-4.32557,41.40464
-4.31212,41.40138
-4.29701,40.74400
-4.28137,40.74684
-4.26759,42.79559
-4.26182,40.55812
-4.25516,36.72491
-4.24533,40.85783
-4.23385,38.99740
-4.22413,40.12540
-4.22013,39.87685
-4.21748,42.07105
-4.21636,40.50981
-4.21618,40.51026
-4.20826,40.51081
-4.20795,40.51045
-4.20432,40.32718
-4.20382,40.32388
-4.20322,40.32612
-4.19799,40.71547
-4.19122,40.71767
-4.18031,40.71157
-4.16731,37.86982
-4.16568,40.22814
-4.16521,40.71423
-4.16106,40.71673
-4.15907,40.70911
-4.15154,42.74221
-4.14600,40.70490
-4.14335,36.85031
-4.13953,42.99732
-4.13399,40.71220
-4.12841,40.69907
-4.12745,40.70783
-4.12408,40.57499
-4.12408,40.57499
-4.11848,37.62676
-4.11841,40.55810
-4.11841,40.55810
-4.10761,40.66987
-4.10747,38.70163
-4.08802,43.36399
-4.04995,39.04541
-4.03793,41.60484
-4.03658,43.37812
-4.02632,39.86948
-4.02089,40.65417
-4.00889,40.27328
-4.00269,39.86786
-3.98785,37.96303
-3.98600,39.78771
-3.97356,43.41233
-3.97031,37.76739
-3.96704,40.13308
-3.96462,39.98652
-3.96434,39.98652
-3.96290,40.55616
-3.96117,40.55451
-3.96117,40.55451
-3.95249,40.53473
-3.95249,40.53473
-3.94818,37.45960
-3.94493,40.41472
-3.93607,36.75539
-3.93322,43.42665
-3.93253,38.98151
-3.93061,43.42847
-3.92855,38.99590
-3.92552,38.98131
-3.92341,40.36521
-3.92260,36.75588
-3.92048,38.98660
-3.92044,39.06592
-3.91416,40.30377
-3.90362,40.43875
-3.89701,40.06579
-3.89583,40.41981
-3.89523,38.05501
-3.89479,37.43213
-3.89378,40.41130
-3.89040,40.16704
-3.88983,38.88262
-3.88860,40.40070
-3.88602,40.41034
-3.88551,40.44555
-3.87659,40.45410
-3.86803,40.49228
-3.85852,37.78123
-3.85795,43.00698
-3.85600,40.48240
-3.85374,43.30854
-3.85199,39.59235
-3.84061,40.40211
-3.83823,40.47541
-3.83768,43.42067
-3.83734,40.32813
-3.83529,43.42424
-3.83244,37.33697
-3.83237,37.33649
-3.83124,40.35024
-3.83100,40.33083
-3.82713,40.38698
-3.82579,40.35288
-3.82504,40.35190
-3.81827,40.35789
-3.81003,40.34726
-3.80960,40.12244
-3.80911,40.35643
-3.80733,40.12244
-3.80240,37.75064
-3.79623,40.19384
-3.79320,40.46220
-3.78541,40.27625
-3.78537,40.27615
-3.78286,40.45235
-3.78006,40.22569
-3.77673,41.96705
-3.77528,40.24274
-3.77426,40.39682
-3.77255,38.02617
-3.77030,40.68072
-3.77008,40.30001
-3.76838,40.22662
-3.76828,40.22674
-3.76766,40.24500
-3.76593,40.36967
-3.76374,40.39998
-3.76356,40.39994
-3.76317,40.18859
-3.76054,38.12073
-3.75990,40.23345
-3.75977,40.38408
-3.75795,37.79847
-3.75742,38.12382
-3.75712,40.22219
-3.75610,40.46026
-3.75429,37.25013
-3.75366,40.29993
-3.75314,40.23724
-3.75292,40.30031
-3.74990,40.36225
-3.74964,39.28971
-3.74961,40.36257
-3.74606,40.36313
-3.74572,40.40738
-3.74570,40.40724
-3.74560,40.36346
-3.74543,40.47443
-3.74448,39.27373
-3.74142,40.36708
-3.73917,40.24181
-3.73916,37.24329
-3.73912,40.41068
-3.73906,37.77243
-3.73889,40.30228
-3.73830,40.49093
-3.73560,40.37388
-3.73476,40.42761
-3.73111,40.41388
-3.73088,40.47272
-3.72834,40.46020
-3.72834,40.46028
-3.72769,40.42292
-3.72667,42.34528
-3.72580,40.42220
-3.72448,40.33096
-3.72380,37.22955
-3.72323,40.40332
-3.72292,40.40309
-3.72260,40.40996
-3.72230,40.40460
-3.72098,40.39994
-3.71982,40.61882
-3.71800,40.38491
-3.71772,40.38480
-3.71739,40.49404
-3.71715,40.38562
-3.71703,40.39711
-3.71679,40.61411
-3.71567,40.39916
-3.71523,40.39752
-3.71435,40.46710
-3.71388,40.39767
-3.71371,40.48329
-3.71349,40.56059
-3.71336,40.41596
-3.71297,40.42009
-3.71288,40.46926
-3.71281,40.60047
-3.71277,40.46926
-3.71218,40.48058
-3.71116,40.47127
-3.71069,40.43002
-3.71016,40.39063
-3.71009,37.18709
-3.71009,40.44007
-3.70971,40.39718
-3.70964,41.50250
-3.70844,40.43882
-3.70809,40.39645
-3.70760,40.44700
-3.70638,40.57743
-3.70533,40.39678
-3.70325,40.39487
-3.70292,39.95684
-3.70251,42.30487
-3.70247,40.39535
-3.70247,40.47981
-3.70245,42.35608
-3.70087,40.48928
-3.70057,40.43850
-3.70054,40.36376
-3.69975,40.39112
-3.69936,40.38755
-3.69900,40.38725
-3.69648,40.37855
-3.69618,42.34944
-3.69609,39.58022
-3.69601,40.38769
-3.69497,40.38680
-3.69485,36.73736
-3.69461,40.53684
-3.69335,40.36059
-3.69296,40.35073
-3.69291,40.34173
-3.69218,40.31597
-3.69174,40.30820
-3.69052,40.45463
-3.68978,40.46219
-3.68886,42.34958
-3.68767,42.34696
-3.68648,42.34295
-3.68541,40.48056
-3.68295,42.32575
-3.68282,40.44253
-3.68253,40.42119
-3.68161,40.44137
-3.68120,42.34661
-3.68061,40.40420
-3.68041,40.40726
-3.67948,40.43934
-3.67793,36.73000
-3.67753,40.41475
-3.67676,42.34907
-3.67631,42.35135
-3.67622,42.35164
-3.67508,40.43522
-3.67480,42.34416
-3.67432,40.47936
-3.67318,40.43918
-3.67312,40.40695
-3.67294,42.36015
-3.66863,40.45905
-3.66800,40.42100
-3.66785,42.36110
-3.66657,40.40398
-3.66654,42.38027
-3.66638,40.36316
-3.66212,40.55408
-3.66022,40.42654
-3.65991,40.49108
-3.65920,40.41667
-3.65609,40.42273
-3.65586,40.40570
-3.65475,40.41071
-3.65190,40.02471
-3.65113,41.40268
-3.64909,40.52484
-3.64626,37.15397
-3.64521,37.24418
-3.64509,40.53858
-3.64488,40.06862
-3.64290,40.54460
-3.64208,37.10682
-3.64033,40.43048
-3.63977,40.07643
-3.63813,40.53818
-3.63762,40.10118
-3.63737,37.15982
-3.63637,40.40051
-3.63531,37.54057
-3.63472,40.35264
-3.63442,41.64508
-3.63359,38.90176
-3.63237,37.19399
-3.63022,40.53881
-3.62783,40.54271
-3.62761,37.20376
-3.62524,40.42040
-3.62462,40.80815
-3.62442,39.90277
-3.62384,40.44174
-3.62335,40.53646
-3.62332,40.53666
-3.62254,39.90314
-3.62201,40.53561
-3.62082,37.18110
-3.62071,40.53891
-3.62024,40.79502
-3.61702,40.54214
-3.61651,40.55427
-3.61490,40.36894
-3.61423,40.36860
-3.61299,40.00624
-3.61200,40.36751
-3.61123,40.36713
-3.61096,37.17853
-3.61002,37.14622
-3.60882,37.13429
-3.60875,37.23200
-3.60864,41.63994
-3.60844,40.54381
-3.60759,41.06675
-3.60611,37.17001
-3.59458,40.47580
-3.59366,40.46024
-3.59115,40.47576
-3.58726,40.57120
-3.58684,40.45230
-3.58240,40.59316
-3.58070,37.15665
-3.58061,37.15666
-3.58013,40.48405
-3.57240,40.49063
-3.57226,40.49052
-3.56493,40.49299
-3.56484,40.49280
-3.55737,40.42740
-3.55601,40.42719
-3.55453,40.49443
-3.54766,40.35680
-3.54321,40.34588
-3.54202,40.35022
-3.54125,42.97556
-3.53995,40.35159
-3.53783,40.44729
-3.53514,40.79524
-3.53514,40.79524
-3.52816,40.44801
-3.52431,37.15649
-3.51580,40.32213
-3.51061,39.66919
-3.50807,38.37863
-3.50767,38.96169
-3.50430,43.02670
-3.49896,40.42573
-3.49855,38.40741
-3.49773,40.59627
-3.49764,40.59636
-3.49741,37.23554
-3.49703,37.15442
-3.49100,38.51896
-3.49077,38.51895
-3.48115,42.97587
-3.47945,39.32820
-3.47843,39.32593
-3.47778,41.31042
-3.47676,39.31171
-3.47570,39.91008
-3.47533,36.69881
-3.45617,40.46396
-3.45556,40.72054
-3.45556,40.72054
-3.44330,43.39461
-3.42848,38.00990
-3.42455,40.46799
-3.42269,43.36762
-3.42269,43.36762
-3.41557,39.93033
-3.41556,39.93071
-3.41511,43.35194
-3.41510,43.35194
-3.40643,43.09584
-3.39481,36.70812
-3.39203,40.48403
-3.39022,40.68866
-3.38294,40.68376
-3.38278,38.96902
-3.37428,40.48035
-3.37163,40.48378
-3.37163,40.49649
-3.37072,40.47784
-3.37046,40.48076
-3.36812,40.47332
-3.36682,42.49131
-3.36443,40.48505
-3.36355,39.00353
-3.36180,40.50878
-3.35920,38.99881
-3.35258,40.45492
-3.35235,38.18224
-3.35155,37.85599
-3.35038,40.66747
-3.34629,39.90843
-3.34629,39.90848
-3.34358,40.49662
-3.32965,40.21972
-3.31427,43.39694
-3.31322,40.63478
-3.31322,40.63478
-3.30724,36.74629
-3.30545,42.39175
-3.30545,42.39175
-3.30060,39.86944
-3.29423,40.36924
-3.29423,40.36924
-3.29419,38.03623
-3.29379,38.03655
-3.29242,40.17204
-3.28606,40.63320
-3.28606,40.63320
-3.28467,37.34038
-3.28330,42.40348
-3.28330,42.40348
-3.27599,43.09757
-3.27095,40.36581
-3.27095,40.36581
-3.26791,40.56506
-3.24827,40.59678
-3.22041,43.38177
-3.21918,43.36510
-3.21777,43.36163
-3.21746,43.36193
-3.21648,43.37461
-3.20784,40.61240
-3.20603,42.41788
-3.20110,43.35390
-3.19548,40.62975
-3.19435,43.35960
-3.17853,40.64379
-3.17495,40.62629
-3.17440,40.79557
-3.17322,40.68649
-3.16913,43.35324
-3.16904,43.35336
-3.15063,43.19845
-3.12923,43.34168
-3.12585,42.62889
-3.11422,43.32249
-3.11414,43.32231
-3.11376,43.32268
-3.11015,42.63097
-3.10561,43.33790
-3.10352,42.63917
-3.09784,41.84066
-3.08957,39.59558
-3.08884,40.94454
-3.08548,40.58218
-3.08548,40.58218
-3.08302,38.11799
-3.08261,38.11812
-3.07996,38.11907
-3.05612,37.38033
-3.05376,40.57174
-3.05376,40.57174
-3.04984,37.91846
-3.04227,43.33118
-3.03441,40.02251
-3.01752,39.91642
-3.01124,43.33341
-3.00980,43.29092
-3.00544,43.33475
-3.00088,43.33448
-3.00017,43.28645
-2.99983,43.34669
-2.99982,43.36572
-2.99887,43.10334
-2.99704,43.36095
-2.99545,43.34310
-2.99522,43.10985
-2.99468,43.34773
-2.98623,43.32499
-2.98594,43.32276
-2.98586,43.28756
-2.98549,43.29074
-2.98538,43.37985
-2.98240,43.32345
-2.98126,43.27827
-2.98078,43.12509
-2.97990,43.12595
-2.97852,43.37924
-2.97759,43.38135
-2.97756,43.32089
-2.97655,43.25256
-2.97531,43.15272
-2.97503,43.37912
-2.97320,43.37369
-2.97271,43.27430
-2.97180,43.39528
-2.96778,43.27226
-2.96672,43.29760
-2.96565,43.31327
-2.96520,43.26847
-2.96416,43.26745
-2.96234,43.30326
-2.96041,43.30174
-2.95938,43.14478
-2.95648,38.91036
-2.95616,43.26946
-2.95494,43.27424
-2.95328,43.25772
-2.94616,43.25819
-2.94596,39.53886
-2.94583,43.26214
-2.94296,43.24937
-2.94040,43.14247
-2.94020,43.40475
-2.93649,43.26295
-2.93564,43.25762
-2.93437,43.26451
-2.93302,43.26793
-2.93200,43.41501
-2.93190,43.41185
-2.92942,43.26215
-2.92903,43.26315
-2.92706,43.24050
-2.92066,43.17005
-2.91505,43.23280
-2.90939,36.83701
-2.90823,43.23355
-2.90820,43.23374
-2.90710,43.25137
-2.90693,43.23351
-2.90244,43.01069
-2.90241,43.25006
-2.89942,43.23261
-2.89941,43.17930
-2.89861,43.23276
-2.89838,40.55850
-2.89530,43.26057
-2.89478,42.81887
-2.89438,42.83818
-2.89359,42.85203
-2.89304,43.28628
-2.89199,43.28730
-2.89097,43.23166
-2.88990,43.23135
-2.88988,43.23152
-2.88094,43.29112
-2.87997,42.56970
-2.87932,42.43957
-2.87261,42.99009
-2.86584,43.28443
-2.85637,42.62899
-2.84723,36.76685
-2.82792,41.68554
-2.79628,38.42372
-2.77728,42.53820
-2.77607,42.94283
-2.76701,36.76521
-2.74591,42.93415
-2.74200,42.93130
-2.74123,43.08878
-2.72030,39.55706
-2.71448,36.70209
-2.71106,40.99524
-2.71036,43.06429
-2.70674,42.83498
-2.70345,42.84773
-2.70287,42.83610
-2.70279,42.83603
-2.70115,42.85412
-2.70107,42.85400
-2.69835,43.38260
-2.69776,42.86809
-2.69435,42.85121
-2.68763,42.85289
-2.68274,41.10152
-2.68256,42.41854
-2.68222,42.84740
-2.68110,42.83773
-2.68107,42.85050
-2.67820,42.84939
-2.66919,42.86114
-2.66854,42.86125
-2.66787,42.83487
-2.66640,42.84196
-2.66577,42.83463
-2.65934,42.86965
-2.65933,39.23329
-2.65753,42.85326
-2.64993,42.84666
-2.64691,42.57701
-2.64465,42.97833
-2.64173,42.57739
-2.64034,42.84837
-2.63891,41.75752
-2.63082,42.94122
-2.59895,39.26970
-2.59601,43.15528
-2.58283,42.55279
-2.57688,41.00010
-2.56204,43.19596
-2.56204,43.19596
-2.54490,42.53262
-2.54490,43.21130
-2.54490,43.21130
-2.54362,42.53186
-2.53702,36.81958
-2.53650,43.17120
-2.53598,42.43899
-2.53260,36.82123
-2.52431,41.76499
-2.52176,41.76614
-2.51816,43.17554
-2.51692,42.44532
-2.51367,43.06685
-2.50428,43.06187
-2.49947,42.50516
-2.49524,43.06248
-2.49283,43.05997
-2.48739,43.06409
-2.48691,43.18073
-2.48529,43.18066
-2.47833,43.06392
-2.47779,43.06746
-2.47423,42.45586
-2.47126,42.39915
-2.46333,42.45839
-2.46250,41.76623
-2.46205,41.76570
-2.45800,42.45287
-2.45613,43.18985
-2.45492,42.46855
-2.45267,41.84417
-2.45262,42.45878
-2.45152,42.44318
-2.45134,42.44325
-2.44908,41.09441
-2.44715,41.05050
-2.43818,42.45866
-2.43706,42.45880
-2.43611,43.19602
-2.43360,42.46903
-2.43264,42.45899
-2.42819,43.14650
-2.42548,43.13466
-2.42346,42.42668
-2.42307,36.89270
-2.42300,42.45660
-2.41981,36.85847
-2.41979,36.85838
-2.41766,42.46868
-2.41680,36.89713
-2.41540,36.84005
-2.41277,36.84083
-2.41085,41.17334
-2.40301,36.84054
-2.40194,43.23626
-2.40186,36.84051
-2.39414,43.24754
-2.38618,43.25723
-2.38316,37.06445
-2.37696,39.29540
-2.37489,39.66716
-2.37130,39.29308
-2.36344,43.27821
-2.36101,36.85234
-2.35907,43.20262
-2.35837,36.85286
-2.35735,43.28434
-2.35652,41.74568
-2.35652,41.74568
-2.35212,43.29620
-2.35186,36.85211
-2.35021,36.85211
-2.34864,37.35666
-2.33684,41.76372
-2.32086,41.73280
-2.32086,41.73280
-2.28358,36.83411
-2.27502,42.42856
-2.26706,42.15061
-2.26417,40.07387
-2.25540,43.27492
-2.25508,36.86262
-2.25263,42.86498
-2.25249,42.86519
-2.24796,43.27771
-2.23913,43.04623
-2.23524,42.98760
-2.23412,42.95458
-2.23276,41.77522
-2.22983,38.84626
-2.22399,40.10867
-2.21848,40.10041
-2.21319,39.04393
-2.20897,39.42219
-2.19163,42.91604
-2.19098,39.04238
-2.19098,39.04238
-2.18742,43.04807
-2.17376,43.05749
-2.15653,36.91757
-2.13930,38.88224
-2.12927,41.68005
-2.09739,43.10627
-2.09620,42.31908
-2.09254,43.11510
-2.09142,42.06653
-2.06931,42.33336
-2.05808,43.29498
-2.04992,39.14401
-2.03700,43.19974
-2.02933,43.21292
-2.02927,43.21282
-2.02741,43.23458
-2.02563,43.22446
-2.02491,43.18803
-2.02490,43.18822
-2.02458,39.44346
-2.02210,43.25325
-2.01909,43.18599
-2.01891,43.18625
-2.01871,43.28183
-2.01868,43.28495
-2.01811,43.18509
-2.01181,43.16952
-2.00780,43.30646
-2.00678,43.16217
-2.00449,43.15396
-2.00448,39.01844
-2.00448,39.01844
-2.00147,43.31513
-1.99288,43.29742
-1.99013,36.96603
-1.98886,43.29771
-1.98491,42.31171
-1.97924,43.31132
-1.97848,43.30268
-1.97768,43.31333
-1.97579,42.29819
-1.97361,43.29175
-1.97351,43.31124
-1.97236,43.30711
-1.97010,43.30564
-1.96924,43.13405
-1.96892,43.30563
-1.96883,43.13392
-1.96861,43.12910
-1.96850,43.12953
-1.96832,42.31105
-1.96299,42.30087
-1.96180,43.31963
-1.96147,43.31540
-1.96044,42.30596
-1.95274,43.32140
-1.95064,43.31052
-1.94870,43.32130
-1.94497,41.30330
-1.93747,43.31067
-1.93403,43.31048
-1.91630,43.31379
-1.90994,43.30948
-1.90735,43.01763
-1.90594,39.72984
-1.90587,39.56038
-1.87361,37.84145
-1.86722,39.93704
-1.85397,37.23752
-1.85064,37.16281
-1.84674,37.16499
-1.84674,37.16499
-1.83309,37.17185
-1.83309,37.17185
-1.80156,43.36427
-1.80100,43.36764
-1.80096,43.34779
-1.80028,39.09688
-1.79969,43.37114
-1.79927,43.37293
-1.79809,43.35405
-1.79805,43.37811
-1.79738,43.36206
-1.79723,43.35747
-1.79592,43.38369
-1.79536,42.07939
-1.73291,42.16144
-1.72821,38.21079
-1.71088,37.68333
-1.71068,37.68442
-1.70974,37.66990
-1.70892,37.67114
-1.68148,42.81844
-1.68118,42.79455
-1.67777,42.80807
-1.67324,38.59550
-1.67304,42.79910
-1.67013,43.24594
-1.66913,42.80109
-1.66775,42.81841
-1.66438,42.82996
-1.66197,42.80552
-1.66136,42.80647
-1.66131,42.82332
-1.65723,42.81034
-1.65314,41.33214
-1.65224,42.81438
-1.65211,42.80272
-1.65040,37.56624
-1.64842,42.81333
-1.64595,42.03742
-1.64394,42.80229
-1.63868,42.81702
-1.63620,43.00989
-1.63382,42.81371
-1.63286,42.79411
-1.63087,42.80716
-1.62844,37.52930
-1.62337,42.81868
-1.62236,42.81382
-1.61791,43.06591
-1.61442,39.48688
-1.60191,42.81171
-1.60158,42.81175
-1.59901,42.81102
-1.59280,42.83145
-1.59135,42.80923
-1.58122,42.82313
-1.51146,39.54814
-1.50740,39.54988
-1.49229,37.77386
-1.47057,41.81334
-1.41179,41.89863
-1.39465,38.40766
-1.38864,38.01596
-1.37972,38.01559
-1.36487,41.46667
-1.36326,41.48975
-1.33239,40.74684
-1.32417,38.87725
-1.31375,38.17620
-1.30604,41.41304
-1.23960,38.11210
-1.21896,41.99351
-1.20395,38.87977
-1.20278,41.76943
-1.19040,37.93567
-1.19040,37.93567
-1.18135,41.38757
-1.17493,37.93999
-1.17493,37.93999
-1.16472,38.02356
-1.15973,37.94445
-1.13849,42.12698
-1.12932,37.96848
-1.12302,41.76261
-1.11768,38.05404
-1.11730,40.33342
-1.11063,41.57576
-1.11056,38.86891
-1.08214,37.70616
-1.05935,39.48232
-1.04781,41.72911
-1.01996,37.69451
-1.01713,41.62318
-1.00818,38.68778
-1.00818,38.68778
-1.00700,41.69882
-0.98338,41.69682
-0.98216,41.66346
-0.98216,41.66346
-0.96516,41.64746
-0.95697,41.66179
-0.95697,41.66179
-0.95576,40.68207
-0.95416,41.68630
-0.94954,41.61920
-0.94872,37.62034
-0.94514,38.73774
-0.94228,38.72788
-0.94228,38.72788
-0.93833,38.09976
-0.93763,37.81563
-0.92000,41.65326
-0.91836,41.63932
-0.91696,41.64623
-0.91554,41.60877
-0.91126,38.15414
-0.91086,41.65996
-0.91051,40.19312
-0.89960,41.62955
-0.86940,41.69695
-0.86865,41.62639
-0.86703,41.66434
-0.86367,41.65099
-0.86263,40.50353
-0.86125,41.65426
-0.86066,41.63707
-0.85802,41.64133
-0.85658,38.43940
-0.85630,41.67119
-0.85543,41.72026
-0.85506,41.64965
-0.85451,41.66035
-0.84100,41.65680
-0.82069,39.43357
-0.80910,41.72966
-0.79996,39.42891
-0.79395,37.86597
-0.78885,37.86348
-0.78436,37.86071
-0.77821,39.43336
-0.76952,40.12389
-0.76244,38.09843
-0.75587,38.26084
-0.75282,37.90866
-0.75232,37.90890
-0.75139,41.57140
-0.75139,41.57140
-0.72286,37.62646
-0.72215,38.09752
-0.70872,37.95812
-0.70492,41.54802
-0.70492,41.54802
-0.70105,37.96541
-0.69926,38.01644
-0.69696,37.97591
-0.69357,37.97334
-0.69119,41.60634
-0.67835,37.98625
-0.67219,41.59385
-0.66058,38.28774
-0.65954,38.08740
-0.61148,38.80360
-0.59620,38.98446
-0.58838,38.30613
-0.58448,38.19503
-0.57582,38.45942
-0.57344,38.93118
-0.57260,38.92200
-0.56058,42.81465
-0.55725,38.20950
-0.55374,38.22618
-0.55269,39.46118
-0.55252,38.33384
-0.55252,39.46062
-0.53882,42.78645
-0.53136,38.40021
-0.52876,42.77369
-0.52136,42.76222
-0.51877,38.38306
-0.51841,42.75125
-0.51793,42.74424
-0.51652,38.31282
-0.51244,38.32278
-0.51169,38.32475
-0.50892,38.32926
-0.50733,38.37364
-0.50588,38.85230
-0.50588,38.85230
-0.50530,38.35016
-0.50192,38.35493
-0.50145,39.41245
-0.49802,38.85608
-0.49802,38.85608
-0.49678,38.36119
-0.49442,38.99120
-0.49245,39.55770
-0.48506,38.89386
-0.47605,39.46650
-0.47562,41.51209
-0.47237,38.34960
-0.47113,39.47899
-0.47063,38.35697
-0.47034,39.52509
-0.46705,41.21129
-0.46400,39.37675
-0.46241,38.35508
-0.45538,38.37355
-0.45388,38.36764
-0.44932,42.11150
-0.44885,38.40178
-0.44854,38.40284
-0.44835,39.47842
-0.44824,38.40285
-0.44650,39.36229
-0.44384,39.52997
-0.44375,38.36342
-0.43952,42.15473
-0.43766,39.62357
-0.43294,38.41400
-0.43260,38.41389
-0.43206,38.41434
-0.43147,39.51490
-0.42711,42.12667
-0.42597,39.36308
-0.42526,38.36210
-0.42087,39.46908
-0.41469,39.50445
-0.40964,39.52875
-0.40653,39.46984
-0.40636,39.37722
-0.40635,39.48980
-0.40632,39.45463
-0.40462,39.46954
-0.40384,39.46957
-0.40005,39.79191
-0.39942,39.38210
-0.39900,39.46871
-0.39799,39.38565
-0.39731,42.14736
-0.39632,39.48594
-0.39124,39.46876
-0.39115,39.43868
-0.39093,39.50155
-0.39074,38.87726
-0.39074,38.87726
-0.38995,39.10983
-0.38824,42.14502
-0.38137,39.46880
-0.38081,39.44550
-0.36884,39.49758
-0.36122,42.14157
-0.36098,42.52758
-0.35745,42.53890
-0.35725,39.45085
-0.35390,42.14199
-0.35265,39.47483
-0.35158,39.45306
-0.35108,42.51992
-0.34058,39.47832
-0.33962,39.76998
-0.32892,38.89780
-0.32892,38.89780
-0.32486,39.35392
-0.32486,39.35392
-0.32099,39.51527
-0.31525,42.73655
-0.31069,42.73134
-0.30144,39.64957
-0.29954,39.30928
-0.29954,39.30928
-0.29728,38.48536
-0.29144,39.63919
-0.28313,39.13609
-0.28312,39.13608
-0.28308,39.65289
-0.22780,40.95325
-0.22278,39.04096
-0.20188,38.97031
-0.20161,38.52710
-0.20159,38.52716
-0.18310,38.97029
-0.17972,38.96850
-0.17753,38.96829
-0.17610,41.05180
-0.16230,38.94601
-0.16219,38.94596
-0.16125,42.11210
-0.15922,38.53947
-0.15834,38.53424
-0.15015,38.54036
-0.14174,38.53719
-0.13756,39.87799
-0.13756,39.87799
-0.13334,38.54661
-0.13135,39.88455
-0.13031,39.85579
-0.13031,39.88579
-0.12943,39.95165
-0.12891,38.54358
-0.12385,39.87053
-0.12366,38.53714
-0.12332,38.54149
-0.11801,38.54554
-0.11732,38.56064
-0.09691,38.55095
-0.09629,38.56326
-0.09446,41.01959
-0.06264,39.96561
-0.06006,39.97648
-0.03487,40.06604
-0.02840,40.01256
-0.02674,38.87025
-0.02235,39.99200
-0.01641,38.86456
0.00765,38.84287
0.00766,38.84347
0.03850,38.67340
0.04009,38.68710
0.07786,40.26008
0.10033,38.83878
0.10232,38.84322
0.10607,38.83392
0.13978,38.73058
0.14238,38.77532
0.15408,42.04639
0.16324,40.16146
0.16452,42.40513
0.16582,38.72481
0.16582,38.72481
0.16810,38.71964
0.16810,38.71964
0.18061,41.91812
0.19148,40.22106
0.19159,40.22108
0.19930,41.01711
0.20156,41.52015
0.20462,41.90241
0.20814,41.89996
0.21277,40.23391
0.22816,42.14808
0.29335,40.34868
0.31563,40.36526
0.31563,40.36526
0.33510,41.41516
0.34028,40.38370
0.34028,40.38370
0.38323,40.38320
0.40930,41.75630
0.41674,40.46970
0.44940,40.52266
0.45425,40.58141
0.45755,40.45742
0.45760,41.53824
0.48581,41.97486
0.48821,40.91390
0.49107,40.62726
0.50335,40.78241
0.51450,40.84037
0.54507,41.57265
0.56032,40.59932
0.56145,40.71832
0.56895,41.83861
0.57710,41.45677
0.58300,40.68744
0.58300,40.68744
0.59141,40.64882
0.59141,40.64882
0.59365,40.73026
0.61343,41.61672
0.61604,41.62293
0.61789,41.60774
0.61810,41.62148
0.61844,41.60713
0.61961,41.61309
0.62073,41.61536
0.62259,41.62039
0.62352,41.61143
0.62436,41.62116
0.62767,41.62285
0.62879,41.62752
0.63175,41.61193
0.63718,41.60380
0.64125,41.11140
0.64386,41.81189
0.64412,41.61172
0.64762,41.63847
0.65678,41.09695
0.65994,40.77530
0.66056,41.65894
0.70417,40.81302
0.71043,42.45961
0.71598,40.86938
0.73336,42.84623
0.75359,41.57800
0.75822,41.50728
0.76412,41.50678
0.76486,42.62326
0.76505,42.62311
0.77407,41.50669
0.77814,42.67182
0.77836,42.67170
0.79046,41.63669
0.81300,41.76357
0.81694,40.90479
0.83199,41.51118
0.83399,41.51012
0.83522,41.53756
0.86368,41.81026
0.87559,41.47984
0.88108,40.97174
0.88560,41.61474
0.90747,42.18668
0.91457,41.75453
0.94603,41.42556
0.94748,41.17201
0.98605,41.42530
0.98774,41.16493
0.98910,41.04518
1.01246,41.12375
1.07452,41.64420
1.07452,41.64420
1.07654,41.15457
1.07780,41.14364
1.09632,41.12408
1.10307,41.13447
1.12241,41.12847
1.12715,41.65783
1.12715,41.65783
1.13209,41.39300
1.14647,41.20475
1.14675,41.13655
1.16853,41.65744
1.17175,41.69540
1.17508,41.25604
1.18083,41.31477
1.20408,41.10525
1.21334,41.26857
1.21515,41.13038
1.21525,41.13048
1.22058,41.91811
1.23604,41.75254
1.24838,41.25738
1.25724,41.93946
1.25724,41.93946
1.26096,41.12315
1.26104,41.12337
1.27116,41.15749
1.28363,41.78179
1.29030,38.94037
1.29390,42.00780
1.29390,42.00780
1.29735,41.66638
1.31395,41.65448
1.31722,42.11682
1.31844,38.97068
1.32772,42.20470
1.32942,38.97565
1.33026,38.89862
1.33789,38.97335
1.36276,41.83079
1.36641,38.96802
1.37228,42.02393
1.38517,38.96429
1.38947,38.87032
1.39048,38.96352
1.39244,41.15871
1.40444,42.32960
1.41804,41.62336
1.42148,38.92687
1.42981,38.92566
1.44303,38.93048
1.44475,38.94706
1.44667,38.95683
1.45147,38.92968
1.45394,38.93762
1.45466,38.92305
1.47034,41.63092
1.47036,41.63072
1.47522,42.43658
1.47522,42.43658
1.48181,42.44498
1.48181,42.44498
1.48934,42.48002
1.49050,42.47408
1.49200,42.46950
1.49448,42.48946
1.50473,42.49835
1.50702,42.49946
1.50810,42.49688
1.50846,42.55245
1.51386,42.50216
1.52048,42.52951
1.52057,42.52956
1.52094,42.52997
1.52108,42.53006
1.52355,41.71933
1.52572,41.62460
1.53244,41.60872
1.53244,41.60892
1.53265,42.51400
1.53305,42.51073
1.53305,42.51073
1.53595,41.70714
1.54380,38.99630
1.55240,41.26619
1.55318,42.51410
1.55449,42.51839
1.55458,42.51872
1.55681,42.51945
1.55681,42.51945
1.55845,39.02954
1.56006,41.20645
1.56199,39.03257
1.57112,42.52912
1.57126,42.52904
1.57966,41.74544
1.58920,42.53690
1.58932,42.53702
1.59156,41.20922
1.59420,42.56610
1.60416,41.26545
1.60557,41.21058
1.61117,41.27601
1.61944,41.93471
1.64066,41.57631
1.64287,41.57384
1.64790,42.36620
1.65783,41.62370
1.65948,42.57986
1.67762,41.45637
1.68006,41.59226
1.68770,42.55820
1.69005,41.41956
1.69118,41.21187
1.69137,41.21198
1.69842,41.22449
1.69984,41.21697
1.70240,41.22535
1.70260,41.22552
1.71043,41.23206
1.71124,41.59782
1.71153,41.23287
1.71394,41.87306
1.71497,41.21857
1.72314,41.21385
1.72718,41.23671
1.72795,41.23675
1.73221,41.27523
1.73237,41.26039
1.73860,41.23634
1.73973,41.23632
1.74079,41.59608
1.74758,42.37321
1.75037,41.36090
1.75242,41.23921
1.75255,41.36596
1.75260,41.36557
1.75319,41.23946
1.75360,41.82954
1.76875,41.73398
1.77199,41.24852
1.77740,41.58159
1.77830,41.58048
1.78868,41.77196
1.83060,41.24496
1.83565,41.71114
1.84157,41.69899
1.84784,41.62695
1.84875,41.62017
1.85639,41.39421
1.85732,41.64723
1.85767,41.53980
1.85920,41.62210
1.86510,41.72697
1.86514,41.72600
1.86823,42.07817
1.87051,41.86174
1.87265,42.22254
1.87737,41.93970
1.88724,41.54126
1.88971,41.82313
1.89067,41.25027
1.91024,41.78659
1.91035,41.79907
1.91601,41.58756
1.92898,41.58461
1.93548,41.58426
1.93594,42.33690
1.95213,41.26692
1.95230,42.34329
1.95230,42.34329
1.95252,41.26515
1.95475,42.34630
1.95475,42.34630
1.96031,41.57776
1.96449,41.56565
1.97315,42.46074
1.98207,41.45616
1.98607,42.46246
1.99015,41.27735
1.99020,41.26531
1.99020,41.26531
1.99292,41.43632
1.99417,41.29139
1.99762,41.42928
1.99792,41.40434
1.99910,41.31458
1.99987,41.28676
1.99992,41.58110
2.00122,41.42534
2.00154,41.43527
2.00329,41.57105
2.00556,41.41480
2.00791,41.57009
2.00801,41.31312
2.00823,41.55343
2.00859,41.57034
2.00873,41.57017
2.00968,41.41738
2.01450,41.30943
2.01569,41.32242
2.01574,41.32234
2.01628,41.32608
2.01631,41.32619
2.01649,41.32457
2.01652,41.31152
2.01678,41.39512
2.01688,41.31188
2.01805,41.29768
2.01816,41.58250
2.01955,41.30856
2.02063,41.31556
2.02112,41.38628
2.02215,41.39813
2.02221,41.56426
2.02368,41.30317
2.02390,41.38182
2.02455,41.31090
2.02456,41.54002
2.02464,41.31908
2.02482,41.31917
2.02757,41.30713
2.02757,41.30713
2.02781,41.54733
2.02810,41.34704
2.02845,41.32302
2.02854,41.32311
2.02859,41.31585
2.03143,41.31138
2.03258,41.31932
2.03384,41.56059
2.03400,41.31583
2.03422,41.56636
2.03445,41.29983
2.03445,41.29983
2.03530,41.29903
2.03530,41.29903
2.03642,41.53550
2.03682,41.55380
2.03863,41.55305
2.04054,41.27219
2.04464,41.32415
2.04838,41.27577
2.04946,41.28194
2.04946,41.28194
2.05185,41.55472
2.05185,41.55472
2.05457,41.37340
2.06276,41.34908
2.06479,41.47173
2.06535,41.47709
2.06725,41.54313
2.06743,41.58183
2.06826,41.31353
2.06909,41.44599
2.06961,41.44936
2.07068,41.37598
2.07132,41.31761
2.07225,41.89424
2.07242,41.34638
2.07517,41.54274
2.08169,41.33636
2.08742,41.42885
2.08944,41.58889
2.08958,41.36370
2.09059,41.33372
2.09105,41.53265
2.09173,41.36265
2.09196,41.42565
2.09196,41.42565
2.09574,41.33533
2.09606,41.52468
2.09819,41.54097
2.10235,41.79976
2.10361,41.38420
2.10400,41.36630
2.10530,41.37218
2.10548,41.38648
2.10608,41.55868
2.10728,41.38907
2.10802,41.53816
2.10979,41.38379
2.10988,41.34025
2.11043,41.34053
2.11107,41.40895
2.11131,41.40898
2.11280,41.40811
2.11482,41.40602
2.11582,41.40615
2.11582,41.40615
2.11612,41.54596
2.11686,41.39935
2.11752,41.40440
2.11762,41.40460
2.12192,41.38702
2.12272,41.40067
2.12320,41.40036
2.12356,41.37463
2.12378,41.33818
2.12454,41.40170
2.12471,41.40521
2.12503,41.38541
2.12561,41.40043
2.12624,41.40266
2.12672,41.38843
2.12703,41.38669
2.12716,41.38508
2.12722,41.38472
2.12725,41.38676
2.12735,41.38765
2.12847,41.37982
2.12853,41.38869
2.13052,41.41332
2.13063,41.37578
2.13160,41.91326
2.13213,41.37063
2.13224,41.39778
2.13249,41.37055
2.13259,41.37034
2.13283,41.32294
2.13285,41.38966
2.13319,41.39841
2.13348,41.38858
2.13365,41.39482
2.13417,41.39528
2.13461,41.39992
2.13490,41.36573
2.13496,41.36590
2.13498,41.36589
2.13763,41.36654
2.13778,41.40296
2.13868,41.38358
2.13956,41.36787
2.14040,41.40453
2.14121,41.38684
2.14222,41.39838
2.14374,41.39018
2.14396,41.39043
2.14456,41.34194
2.14497,41.40270
2.14498,41.53226
2.14521,41.51509
2.14576,41.37523
2.14578,41.38322
2.14612,41.37269
2.14627,41.37297
2.14769,41.37386
2.14834,41.40597
2.14867,41.43632
2.14952,41.38060
2.14959,41.39616
2.14995,41.49485
2.15048,41.40771
2.15086,41.39892
2.15099,41.39433
2.15131,41.39276
2.15173,41.39777
2.15176,41.39413
2.15250,41.39309
2.15260,41.37766
2.15365,41.40894
2.15372,41.43172
2.15379,41.40913
2.15384,41.39096
2.15436,41.39560
2.15477,41.38504
2.15491,41.38548
2.15499,41.37796
2.15502,41.39543
2.15517,41.38484
2.15534,41.39141
2.15696,41.38848
2.15753,41.38656
2.15765,41.48635
2.15814,41.38758
2.15822,41.42377
2.15836,41.42382
2.15869,41.39633
2.15897,41.38184
2.15943,41.38279
2.15991,41.38845
2.15997,41.41216
2.16020,41.39674
2.16038,41.39049
2.16106,41.39731
2.16131,41.43983
2.16155,41.39308
2.16189,41.39162
2.16222,41.39019
2.16281,41.41233
2.16287,41.38537
2.16310,41.47336
2.16310,41.47336
2.16312,41.39426
2.16344,41.43374
2.16359,41.39712
2.16499,41.67062
2.16514,41.48083
2.16531,41.39250
2.16588,41.62972
2.16594,41.40896
2.16598,41.38680
2.16615,41.39343
2.16635,41.41199
2.16650,41.41365
2.16657,41.41380
2.16658,41.64067
2.16773,41.38919
2.16815,42.23434
2.16832,41.39488
2.16849,41.41231
2.16953,41.39893
2.17002,41.39429
2.17025,41.39962
2.17162,41.39957
2.17184,41.40087
2.17219,41.38886
2.17296,41.44404
2.17306,41.37470
2.17362,41.39294
2.17380,41.46638
2.17380,41.46638
2.17453,41.40078
2.17484,41.44476
2.17526,41.40681
2.17568,41.40028
2.17602,41.37210
2.17631,41.37240
2.17631,41.37268
2.17755,41.43190
2.17901,41.41307
2.17972,41.60627
2.17991,41.37795
2.18085,41.39890
2.18197,41.41695
2.18210,41.44642
2.18322,41.40065
2.18322,41.40065
2.18348,41.47608
2.18487,41.40716
2.18562,41.59276
2.18562,41.59276
2.18564,41.55866
2.18564,41.55866
2.18576,41.40796
2.18589,41.41140
2.18681,41.44394
2.18694,41.42000
2.18710,41.44538
2.18725,41.38274
2.18733,41.38262
2.18751,41.40926
2.18814,41.48760
2.18916,41.38365
2.18920,41.45553
2.18941,41.38373
2.18999,41.40394
2.19011,41.40581
2.19011,41.40581
2.19154,41.41697
2.19372,41.48768
2.19462,41.40929
2.19563,41.43904
2.19809,41.54697
2.19982,41.38965
2.20040,42.15637
2.20124,41.41404
2.20250,41.54526
2.20305,41.50990
2.20374,41.39207
2.20444,41.43027
2.20470,41.39423
2.20589,41.39488
2.20797,41.53311
2.20816,41.57408
2.20926,41.39888
2.20928,41.39920
2.21017,41.43406
2.21027,41.53430
2.21041,41.45879
2.21071,41.53419
2.21091,41.54720
2.21187,41.53386
2.21250,41.54764
2.21446,41.51477
2.21819,41.54610
2.21892,41.54568
2.22619,41.52599
2.22625,41.52741
2.22641,41.52688
2.22680,41.52727
2.22697,41.52691
2.22726,41.52760
2.22849,41.52525
2.22898,41.52461
2.22988,41.44209
2.23223,41.63498
2.23361,41.52724
2.23399,41.52726
2.23566,41.44785
2.24294,41.78558
2.24313,41.78530
2.24481,41.46807
2.24523,41.77188
2.24536,41.77189
2.24847,41.57326
2.24906,41.92900
2.24971,41.95859
2.24987,41.93534
2.25185,41.58753
2.25320,41.57149
2.25936,41.58881
2.25950,41.74989
2.25956,41.74998
2.26009,41.58981
2.26098,41.46075
2.26134,41.60232
2.26299,41.46140
2.26570,41.93183
2.26674,41.46882
2.26766,41.46678
2.27213,41.46306
2.27267,41.71537
2.28447,41.46826
2.28843,41.65192
2.28923,41.46999
2.29314,41.62272
2.29327,41.62281
2.29460,41.48318
2.29536,41.62984
2.29544,41.49384
2.29552,41.63027
2.29764,41.64600
2.33624,41.63434
2.34350,42.25356
2.34461,41.59695
2.34473,41.48505
2.35240,41.58640
2.35740,42.08545
2.37584,41.58039
2.39598,41.56791
2.39636,41.56760
2.40829,41.51161
2.41645,41.64885
2.42207,41.53556
2.44008,41.69570
2.44139,41.54450
2.44237,41.69401
2.44382,41.68918
2.44604,41.68950
2.44724,41.53694
2.44801,41.69133
2.44959,41.69231
2.45157,39.54754
2.46116,41.66170
2.46321,41.54390
2.47034,42.18383
2.47616,42.17083
2.47828,42.17177
2.48568,42.17166
2.49453,42.17882
2.49960,42.19054
2.50327,39.52112
2.50460,42.18989
2.50796,39.52215
2.51284,41.58041
2.51466,41.57773
2.51470,41.57769
2.51606,42.19290
2.53819,41.84797
2.54366,41.79905
2.54588,41.58598
2.54641,41.58566
2.56252,41.58073
2.57303,41.56752
2.58109,41.58671
2.58922,41.58978
2.59128,42.21746
2.60504,41.61690
2.60716,39.58918
2.62194,39.58716
2.62470,39.58035
2.62486,39.58002
2.63133,41.74751
2.63310,41.60453
2.63515,39.58040
2.64486,39.56708
2.64825,42.21560
2.65746,39.58875
2.66194,39.58747
2.66338,39.56749
2.66602,39.57138
2.66882,39.57136
2.67191,39.58251
2.67561,39.57831
2.68733,39.59523
2.69310,39.57487
2.69310,39.57487
2.70189,41.83840
2.70412,39.57778
2.70412,39.57778
2.71008,41.87997
2.71089,39.56161
2.71122,41.71850
2.71634,39.56737
2.72535,41.96782
2.72855,39.53681
2.73140,39.56902
2.73146,39.56893
2.73963,39.63492
2.73963,39.63492
2.74188,42.18168
2.74700,39.48728
2.74700,39.48728
2.74778,39.64581
2.74778,39.64581
2.74806,39.63389
2.75084,41.74658
2.75134,39.49162
2.75134,39.49162
2.75885,39.51467
2.76348,42.12002
2.76539,41.67423
2.77602,41.78744
2.77747,41.77853
2.77758,41.79614
2.78638,41.97168
2.78665,41.78989
2.78891,41.96505
2.79007,41.91024
2.79137,41.96788
2.79257,41.96289
2.80237,41.93119
2.80237,41.93119
2.81285,42.06634
2.81311,42.06667
2.81567,41.73989
2.81584,41.74178
2.81600,41.74575
2.81643,39.66463
2.81655,41.97542
2.81670,41.97579
2.81702,41.97555
2.81744,41.96575
2.82624,42.22185
2.82686,41.69841
2.83529,41.70039
2.83720,41.80177
2.83856,41.95683
2.83856,41.95683
2.84630,41.97647
2.84630,41.97647
2.84686,42.00389
2.84691,42.00384
2.85253,41.90982
2.88005,42.40126
2.88346,42.39082
2.88346,42.39082
2.89608,42.36888
2.89608,42.36888
2.90333,42.13171
2.90467,41.71983
2.92696,42.04046
2.92696,42.04046
2.93540,42.30824
2.94653,39.45606
2.94782,42.29196
2.94782,42.29196
2.94782,42.29196
2.94782,42.29196
2.95858,42.26142
2.95988,41.82759
2.97399,42.12874
2.97570,42.27844
2.97570,42.27844
2.98343,42.24014
2.98343,42.24014
2.98786,42.26401
2.98786,42.26401
3.00176,42.00432
3.00176,42.00432
3.01709,42.21875
3.02060,39.86250
3.03455,41.80836
3.06752,42.13889
3.07316,39.83720
3.07346,41.85201
3.07508,42.32690
3.08704,39.45622
3.09052,41.95160
3.11537,42.24363
3.12784,42.04089
3.12923,42.03844
3.13048,41.93856
3.13137,41.93779
3.13232,41.93702
3.13271,39.77918
3.14683,41.90589
3.14724,41.91116
3.14863,41.90826
3.14965,41.91240
3.15087,41.91272
3.16063,39.48910
3.16156,41.93890
3.18547,42.05069
3.19561,42.05054
3.24742,39.58651
3.25843,39.56138